{
    "Mean_Accuracy": 0.9932203389830508,
    "CI_Accuracy_Low": 0.9898305084745761,
    "CI_Accuracy_High": 0.9966101694915254,
    "Mean_Balanced_Accuracy": 0.9932201225740551,
    "CI_Bal_Acc_Low": 0.9898110316649642,
    "CI_Bal_Acc_High": 0.996629213483146,
    "Mean_MCC": 0.9865653739754341,
    "CI_MCC_Low": 0.9798476391383721,
    "CI_MCC_High": 0.9932589852672676,
    "Mean_AUC": 0.9988607692961324,
    "CI_AUC_Low": 0.9966216527439274,
    "CI_AUC_High": 0.9999641677970874
}